{"cameraMode":{"drawMode":0,"name":"Shaded","section":"Shading Mode"},"sceneLighting":true,"audioPlay":false,"sceneViewState":{"showFog":true,"showMaterialUpdate":false,"showSkybox":true,"showFlares":true,"showImageEffects":true,"showParticleSystems":true},"in2DMode":false,"pivot":{"x":-2.0420608520507814,"y":97.83473205566406,"z":364.98358154296877},"rotation":{"x":0.26092973351478579,"y":0.38740256428718569,"z":0.11513970792293549,"w":-0.8768216967582703},"size":180.3180694580078,"orthographic":false}