{"cameraMode":{"drawMode":0,"name":"Shaded","section":"Shading Mode"},"sceneLighting":true,"audioPlay":false,"sceneViewState":{"showFog":true,"showMaterialUpdate":false,"showSkybox":true,"showFlares":true,"showImageEffects":true,"showParticleSystems":true},"in2DMode":false,"pivot":{"x":-16.571189880371095,"y":75.82550811767578,"z":-20.72205352783203},"rotation":{"x":0.16701985895633698,"y":-0.39420950412750246,"z":0.07303828001022339,"w":0.900789201259613},"size":58.94657897949219,"orthographic":false}