{"cameraMode":{"drawMode":0,"name":"Shaded","section":"Shading Mode"},"sceneLighting":true,"audioPlay":false,"sceneViewState":{"showFog":true,"showMaterialUpdate":false,"showSkybox":true,"showFlares":true,"showImageEffects":true,"showParticleSystems":true},"in2DMode":false,"pivot":{"x":-31.217103958129884,"y":54.687461853027347,"z":-153.4522247314453},"rotation":{"x":-0.009309269487857819,"y":-0.006902981549501419,"z":0.00006459422002080828,"w":-0.9999308586120606},"size":26.971864700317384,"orthographic":false}